request_id,amount_safe_to_pay,affordability_status,recommended_payment_method,payment_plan,earliest_date_for_full_payment,spending_changes_needed,decision_explanation
request_26,15656000,affordable_now,full_payment,2025-08-03:15656000,2025-08-03,none,Pay IDR 15656000 today. The projected balance stays above the IDR 24768300 minimum (lowest point IDR 53306450.25).
request_27,6670,affordable_now,full_payment,2026-07-05:6670,2026-07-05,none,Pay ZAR 6670 today. The projected balance stays above the ZAR 20500 minimum (lowest point ZAR 39323.70).
request_28,427.92,affordable_later,wait,2024-08-15:1302.40,2024-08-15,none,"Wait until 2024-08-15, then pay EUR 1302.40 in full. The projected balance stays above the EUR 1100 minimum (lowest point EUR 1527.92)."
request_29,51524,affordable_now,full_payment,2025-11-04:51524,2025-11-04,none,Pay ZAR 51524 today. The projected balance stays above the ZAR 28300 minimum (lowest point ZAR 47224.06).
request_30,775.20,affordable_with_plan,installments,2026-04-06:268.74|2026-05-06:268.74|2026-06-05:268.74,2026-04-06,none,Pay in 3 installments of USD 268.74 (option payment_option_83). The projected balance stays above the USD 900 minimum (lowest point USD 1755.79).
request_31,6009674.48,affordable_later,wait,2024-11-15:18164000,2024-11-15,none,"Wait until 2024-11-15, then pay IDR 18164000 in full. The projected balance stays above the IDR 16588900 minimum (lowest point IDR 22598574.48)."
request_32,19826.04,affordable_later,wait,2025-04-15:40018,2025-04-15,none,"Wait until 2025-04-15, then pay ZAR 40018 in full. The projected balance stays above the ZAR 35700 minimum (lowest point ZAR 55526.04)."
request_33,29062.44,affordable_later,wait,2026-03-15:118000,2026-03-15,none,"Wait until 2026-03-15, then pay INR 118000 in full. The projected balance stays above the INR 102100 minimum (lowest point INR 131162.44)."
request_34,129400,affordable_now,full_payment,2024-12-04:129400,2024-12-04,none,Pay INR 129400 today. The projected balance stays above the INR 138500 minimum (lowest point INR 338953.50).
request_35,56611.78,affordable_later,wait,2026-01-15:212000,2026-01-15,none,"Wait until 2026-01-15, then pay INR 212000 in full. The projected balance stays above the INR 106400 minimum (lowest point INR 163011.78)."
request_36,926.90,affordable_later,wait,2026-09-15:3954,2026-09-15,none,"Wait until 2026-09-15, then pay USD 3954 in full. The projected balance stays above the USD 2400 minimum (lowest point USD 3326.90)."
request_37,6813645.37,affordable_later,wait,2024-05-15:14649000,2024-05-15,none,"Wait until 2024-05-15, then pay IDR 14649000 in full. The projected balance stays above the IDR 17056200 minimum (lowest point IDR 23869845.37)."
request_38,109.32,affordable_later,wait,2025-10-15:971.30,2025-10-15,none,"Wait until 2025-10-15, then pay EUR 971.30 in full. The projected balance stays above the EUR 400 minimum (lowest point EUR 509.32)."
request_39,84140.95,affordable_later,wait,2026-06-15:208600,2026-06-15,none,"Wait until 2026-06-15, then pay INR 208600 in full. The projected balance stays above the INR 213400 minimum (lowest point INR 297540.95)."
request_40,540,affordable_later,wait,2024-08-15:1290.30,2024-08-15,none,"Wait until 2024-08-15, then pay EUR 1290.30 in full. The projected balance stays above the EUR 1500 minimum (lowest point EUR 2040)."
request_41,13768111.07,affordable_later,wait,2026-01-15:38760000,2026-01-15,none,"Wait until 2026-01-15, then pay IDR 38760000 in full. The projected balance stays above the IDR 25366600 minimum (lowest point IDR 39134711.07)."
request_42,39085.47,affordable_with_plan,full_payment,2026-01-05:52100,,reduce_to:event_3956:2695,The projected balance stays above the INR 113100 minimum (lowest point INR 147186.20). Requires reduce event_3956 to INR 2695.
request_43,9802940.49,affordable_later,wait,2024-11-15:43339000,2024-11-15,none,"Wait until 2024-11-15, then pay IDR 43339000 in full. The projected balance stays above the IDR 21398000 minimum (lowest point IDR 31200940.49)."
request_44,42264.08,affordable_later,wait,2025-04-15:95800,2025-04-15,none,"Wait until 2025-04-15, then pay INR 95800 in full. The projected balance stays above the INR 82900 minimum (lowest point INR 125164.08)."
request_45,5167850.69,affordable_later,wait,2026-09-15:21983000,2026-09-15,none,"Wait until 2026-09-15, then pay IDR 21983000 in full. The projected balance stays above the IDR 11149800 minimum (lowest point IDR 16317650.69)."
request_46,49450,affordable_with_plan,installments,2024-12-03:25714|2024-12-31:25714,2024-12-03,none,Pay in 2 installments of INR 25714 (option payment_option_125). The projected balance stays above the INR 84000 minimum (lowest point INR 110481.20).
request_47,19332156.12,not_affordable,not_recommended,none,,none,"Do not proceed with this IDR 38114000 request. Although IDR 19332156.12 is available today, the full amount cannot be completed safely within 90 days while keeping IDR 30049000."
request_48,45700,affordable_now,full_payment,2026-07-25:45700,2026-07-25,none,Pay INR 45700 today. The projected balance stays above the INR 71300 minimum (lowest point INR 100550.01).
request_49,16172335.18,affordable_with_plan,installments,2024-03-18:11902106.67|2024-04-18:11902106.67|2024-05-19:11902106.67,2024-03-15,none,Pay in 3 installments of IDR 11902106.67 (option payment_option_133). The projected balance stays above the IDR 20275700 minimum (lowest point IDR 36448035.18).
request_50,43900,affordable_now,full_payment,2025-08-06:43900,2025-08-06,none,Pay INR 43900 today. The projected balance stays above the INR 99700 minimum (lowest point INR 111811.85).
request_51,2191000,affordable_now,full_payment,2026-01-03:2191000,2026-01-03,none,Pay IDR 2191000 today. The projected balance stays above the IDR 7811000 minimum (lowest point IDR 14164349.86).
request_52,16481.02,affordable_later,wait,2024-06-15:28870,2024-06-15,none,"Wait until 2024-06-15, then pay INR 28870 in full. The projected balance stays above the INR 41500 minimum (lowest point INR 57981.02)."
request_53,714.42,affordable_with_plan,installments,2025-11-21:589.06|2025-12-19:589.06|2026-01-16:589.06,2026-01-15,none,Pay in 3 installments of USD 589.06 (option payment_option_145). The projected balance stays above the USD 2100 minimum (lowest point USD 2524.92).
request_54,6607.67,not_affordable,not_recommended,none,,none,"Do not proceed with this ZAR 121528 request. Although ZAR 6607.67 is available today, the full amount cannot be completed safely within 90 days while keeping ZAR 37000."
request_55,134746.67,affordable_with_plan,installments,2026-06-11:75781.33|2026-07-12:75781.33|2026-08-12:75781.33,2026-07-15,none,Pay in 3 installments of INR 75781.33 (option payment_option_151). The projected balance stays above the INR 124300 minimum (lowest point INR 149489.87).
request_56,617.74,affordable_with_plan,partial_payment,2025-02-03:617.74|2025-02-15:263.82,2025-02-15,none,Pay USD 617.74 today and the remaining USD 263.82 on 2025-02-15. The projected balance stays above the USD 2100 minimum (lowest point USD 2100).
request_57,11132.24,affordable_later,wait,2026-06-15:61446,2026-06-15,none,"Wait until 2026-06-15, then pay ZAR 61446 in full. The projected balance stays above the ZAR 42700 minimum (lowest point ZAR 53832.24)."
request_58,16226000,affordable_now,full_payment,2024-12-07:16226000,2024-12-07,none,Pay IDR 16226000 today. The projected balance stays above the IDR 14433900 minimum (lowest point IDR 15883170.12).
request_59,140600,affordable_with_plan,installments,2025-05-07:48741.33|2025-06-04:48741.33|2025-07-02:48741.33,2025-05-04,none,Pay in 3 installments of INR 48741.33 (option payment_option_163). The projected balance stays above the INR 132600 minimum (lowest point INR 239693.98).
request_60,183.63,affordable_later,wait,2026-01-15:199.89,2026-01-15,none,"Wait until 2026-01-15, then pay USD 199.89 in full. The projected balance stays above the USD 400 minimum (lowest point USD 583.63)."
request_61,29062,affordable_with_plan,installments,2024-03-17:10074.83|2024-04-17:10074.83|2024-05-18:10074.83,2024-03-03,none,Pay in 3 installments of ZAR 10074.83 (option payment_option_169). The projected balance stays above the ZAR 36700 minimum (lowest point ZAR 130640.94).
request_62,404.23,affordable_now,full_payment,2025-08-05:404.23,2025-08-05,none,Pay USD 404.23 today. The projected balance stays above the USD 1300 minimum (lowest point USD 3169.68).
request_63,41969.73,not_affordable,not_recommended,none,,none,"Do not proceed with this INR 343900 request. Although INR 41969.73 is available today, the full amount cannot be completed safely within 90 days while keeping INR 153500."
request_64,0,not_affordable,not_recommended,none,,none,Do not proceed with this INR 63700 request.
request_65,7267.71,not_affordable,not_recommended,none,,none,"Do not proceed with this ZAR 54340 request. Although ZAR 7267.71 is available today, the full amount cannot be completed safely within 90 days while keeping ZAR 15500."
request_66,22200,affordable_now,full_payment,2026-04-03:22200,2026-04-03,none,Pay INR 22200 today. The projected balance stays above the INR 80700 minimum (lowest point INR 174988.76).
request_67,607.45,affordable_later,wait,2024-11-15:2094,2024-11-15,none,"Wait until 2024-11-15, then pay USD 2094 in full. The projected balance stays above the USD 1200 minimum (lowest point USD 1807.45)."
request_68,1629.68,affordable_with_plan,installments,2025-02-14:725.09|2025-03-14:725.09|2025-04-11:725.09,2025-03-15,none,Pay in 3 installments of USD 725.09 (option payment_option_187). The projected balance stays above the USD 1500 minimum (lowest point USD 1864.19).
request_69,529.10,affordable_now,full_payment,2026-01-04:529.10,2026-01-04,none,Pay EUR 529.10 today. The projected balance stays above the EUR 700 minimum (lowest point EUR 834.82).
request_70,61135.81,affordable_later,wait,2025-02-15:243900,2025-02-15,none,"Wait until 2025-02-15, then pay INR 243900 in full. The projected balance stays above the INR 115000 minimum (lowest point INR 176135.81)."
request_71,2217740.02,not_affordable,not_recommended,none,,none,"Do not proceed with this IDR 21451000 request. Although IDR 2217740.02 is available today, the full amount cannot be completed safely within 90 days while keeping IDR 8884800."
request_72,11330,affordable_now,full_payment,2026-07-05:11330,2026-07-05,none,Pay ZAR 11330 today. The projected balance stays above the ZAR 12200 minimum (lowest point ZAR 14352.16).
request_73,71400,affordable_now,full_payment,2023-01-20:71400,2023-01-20,none,Pay INR 71400 today. The projected balance stays above the INR 103200 minimum (lowest point INR 139306.18).
request_74,5010,affordable_now,full_payment,2025-08-04:5010,2025-08-04,none,Pay ZAR 5010 today. The projected balance stays above the ZAR 21900 minimum (lowest point ZAR 46388.39).
request_75,28270,affordable_with_plan,installments,2026-04-09:9800.27|2026-05-09:9800.27|2026-06-08:9800.27,2026-04-06,none,Pay in 3 installments of ZAR 9800.27 (option payment_option_208). The projected balance stays above the ZAR 39000 minimum (lowest point ZAR 123225.82).
request_76,0,not_affordable,not_recommended,none,,none,Do not proceed with this USD 4455.60 request.
request_77,60700,affordable_now,full_payment,2025-11-05:60700,2025-11-05,none,Pay INR 60700 today. The projected balance stays above the INR 82200 minimum (lowest point INR 86465.78).
request_78,50200,affordable_now,full_payment,2025-10-02:50200,2025-10-02,none,Pay INR 50200 today. The projected balance stays above the INR 55200 minimum (lowest point INR 64500.66).
request_79,312.89,not_affordable,not_recommended,none,,none,"Do not proceed with this EUR 2151.60 request. Although EUR 312.89 is available today, the full amount cannot be completed safely within 90 days while keeping EUR 1000."
request_80,1231.78,not_affordable,not_recommended,none,,none,"Do not proceed with this INR 217500 request. Although INR 1231.78 is available today, the full amount cannot be completed safely within 90 days while keeping INR 121300."
request_81,2076,affordable_now,full_payment,2026-07-03:2076,2026-07-03,none,Pay USD 2076 today. The projected balance stays above the USD 1600 minimum (lowest point USD 1977.36).
request_82,541.67,affordable_later,wait,2025-02-15:1405.20,2025-02-15,none,"Wait until 2025-02-15, then pay USD 1405.20 in full. The projected balance stays above the USD 1100 minimum (lowest point USD 1641.67)."
request_83,0,not_affordable,not_recommended,none,,none,Do not proceed with this INR 156200 request.
request_84,33624.84,affordable_later,wait,2026-06-15:95400,2026-06-15,none,"Wait until 2026-06-15, then pay INR 95400 in full. The projected balance stays above the INR 91300 minimum (lowest point INR 124924.84)."
request_85,1296076.34,not_affordable,not_recommended,none,,none,"Do not proceed with this IDR 19304000 request. Although IDR 1296076.34 is available today, the full amount cannot be completed safely within 90 days while keeping IDR 6396300."
request_86,36559.63,affordable_later,wait,2025-08-23:46300,2025-08-23,none,"Wait until 2025-08-23, then pay INR 46300 in full. The projected balance stays above the INR 84900 minimum (lowest point INR 121459.63)."
request_87,9865.43,not_affordable,not_recommended,none,,none,"Do not proceed with this INR 487900 request. Although INR 9865.43 is available today, the full amount cannot be completed safely within 90 days while keeping INR 185900."
request_88,10597.44,affordable_with_plan,installments,2024-06-14:9045.23|2024-07-15:9045.23|2024-08-15:9045.23,2024-07-15,none,Pay in 3 installments of ZAR 9045.23 (option payment_option_245). The projected balance stays above the ZAR 25800 minimum (lowest point ZAR 27352.22).
request_89,10950060.04,affordable_with_plan,installments,2025-11-18:4768746.67|2025-12-16:4768746.67|2026-01-13:4768746.67,2025-12-15,none,Pay in 3 installments of IDR 4768746.67 (option payment_option_248). The projected balance stays above the IDR 12534700 minimum (lowest point IDR 13501284.35).
request_90,2560,affordable_now,full_payment,2026-07-06:2560,2026-07-06,none,Pay ZAR 2560 today. The projected balance stays above the ZAR 7600 minimum (lowest point ZAR 22811.70).
request_91,734.11,affordable_later,wait,2024-11-15:1927.20,2024-11-15,none,"Wait until 2024-11-15, then pay EUR 1927.20 in full. The projected balance stays above the EUR 2100 minimum (lowest point EUR 2834.11)."
request_92,27556.27,affordable_later,wait,2025-04-24:34034,2025-04-24,none,"Wait until 2025-04-24, then pay ZAR 34034 in full. The projected balance stays above the ZAR 28100 minimum (lowest point ZAR 55656.27)."
request_93,1729.20,affordable_now,full_payment,2026-04-07:1729.20,2026-04-07,none,Pay USD 1729.20 today. The projected balance stays above the USD 1900 minimum (lowest point USD 2094.78).
request_94,572,affordable_now,full_payment,2024-12-04:572,2024-12-04,none,Pay EUR 572 today. The projected balance stays above the EUR 600 minimum (lowest point EUR 1268.51).
request_95,59262.77,not_affordable,not_recommended,none,,none,"Do not proceed with this INR 553000 request. Although INR 59262.77 is available today, the full amount cannot be completed safely within 90 days while keeping INR 145500."
request_96,84965.29,affordable_with_plan,installments,2026-01-10:31269.33|2026-02-09:31269.33|2026-03-11:31269.33,2026-01-15,none,Pay in 3 installments of INR 31269.33 (option payment_option_269). The projected balance stays above the INR 56500 minimum (lowest point INR 64553.39).
request_97,0,not_affordable,not_recommended,none,2024-05-15,none,Do not proceed with this ZAR 23496 request.
request_98,7525.29,affordable_later,wait,2025-10-15:27148,2025-10-15,none,"Wait until 2025-10-15, then pay ZAR 27148 in full. The projected balance stays above the ZAR 30000 minimum (lowest point ZAR 37525.29)."
request_99,18062,affordable_now,full_payment,2026-07-04:18062,2026-07-04,none,Pay ZAR 18062 today. The projected balance stays above the ZAR 49100 minimum (lowest point ZAR 54141.24).
request_100,29616.17,affordable_with_plan,installments,2024-06-13:12866.19|2024-07-14:12866.19|2024-08-14:12866.19,2024-06-15,none,Pay in 3 installments of ZAR 12866.19 (option payment_option_281). The projected balance stays above the ZAR 32500 minimum (lowest point ZAR 39407.52).
request_101,143500,affordable_now,full_payment,2025-11-03:143500,2025-11-03,none,Pay INR 143500 today. The projected balance stays above the INR 187400 minimum (lowest point INR 197318.13).
request_102,1716,affordable_with_plan,installments,2026-04-05:594.88|2026-05-05:594.88|2026-06-04:594.88,2026-04-05,none,Pay in 3 installments of EUR 594.88 (option payment_option_287). The projected balance stays above the EUR 900 minimum (lowest point EUR 2367.02).
request_103,22528.08,not_affordable,not_recommended,none,,none,"Do not proceed with this INR 368300 request. Although INR 22528.08 is available today, the full amount cannot be completed safely within 90 days while keeping INR 125500."
request_104,3639.28,not_affordable,not_recommended,none,,none,"Do not proceed with this ZAR 17204 request. Although ZAR 3639.28 is available today, the full amount cannot be completed safely within 90 days while keeping ZAR 24700."
request_105,38915.15,affordable_later,wait,2026-06-15:53500,2026-06-15,none,"Wait until 2026-06-15, then pay INR 53500 in full. The projected balance stays above the INR 73900 minimum (lowest point INR 112815.15)."
request_106,388.74,affordable_later,wait,2025-02-15:2207.70,2025-02-15,none,"Wait until 2025-02-15, then pay EUR 2207.70 in full. The projected balance stays above the EUR 1200 minimum (lowest point EUR 1588.74)."
request_107,2534.40,affordable_with_plan,installments,2025-05-08:878.59|2025-06-05:878.59|2025-07-03:878.59,2025-05-05,none,Pay in 3 installments of EUR 878.59 (option payment_option_301). The projected balance stays above the EUR 1600 minimum (lowest point EUR 1703.74).
request_108,0,not_affordable,not_recommended,none,,none,Do not proceed with this ZAR 55308 request.
request_109,806.72,affordable_with_plan,installments,2024-03-18:645.98|2024-04-18:645.98|2024-05-19:645.98,2024-05-15,none,Pay in 3 installments of EUR 645.98 (option payment_option_307). The projected balance stays above the EUR 1700 minimum (lowest point EUR 1961.97).
request_110,22352,affordable_with_plan,installments,2025-08-06:7748.69|2025-09-03:7748.69|2025-10-01:7748.69,2025-08-06,none,Pay in 3 installments of ZAR 7748.69 (option payment_option_310). The projected balance stays above the ZAR 11200 minimum (lowest point ZAR 25392.79).
request_111,16625000,affordable_now,full_payment,2026-04-03:16625000,2026-04-03,none,Pay IDR 16625000 today. The projected balance stays above the IDR 23022800 minimum (lowest point IDR 57846520.26).
request_112,271.70,affordable_now,full_payment,2024-06-05:271.70,2024-06-05,none,Pay EUR 271.70 today. The projected balance stays above the EUR 500 minimum (lowest point EUR 586.68).
request_113,36500,affordable_now,full_payment,2026-09-04:36500,2026-09-04,none,Pay INR 36500 today. The projected balance stays above the INR 82300 minimum (lowest point INR 83105.49).
request_114,65300,affordable_now,full_payment,2026-01-04:65300,2026-01-04,none,Pay INR 65300 today. The projected balance stays above the INR 113400 minimum (lowest point INR 129540.74).
request_115,14182.89,affordable_later,wait,2024-11-15:80500,2024-11-15,none,"Wait until 2024-11-15, then pay INR 80500 in full. The projected balance stays above the INR 38800 minimum (lowest point INR 52982.89)."
request_116,27543.98,not_affordable,not_recommended,none,,none,"Do not proceed with this INR 241200 request. Although INR 27543.98 is available today, the full amount cannot be completed safely within 90 days while keeping INR 80300."
request_117,880,affordable_now,full_payment,2026-07-05:880,2026-07-05,none,Pay EUR 880 today. The projected balance stays above the EUR 1000 minimum (lowest point EUR 1088.65).
request_118,718.12,affordable_with_plan,installments,2024-12-07:255.87|2025-01-07:255.87|2025-02-07:255.87,2024-12-15,none,Pay in 3 installments of EUR 255.87 (option payment_option_334). The projected balance stays above the EUR 600 minimum (lowest point EUR 692.33).
request_119,70473.18,affordable_with_plan,installments,2025-05-18:70546.67|2025-06-15:70546.67|2025-07-13:70546.67,2025-06-15,none,Pay in 3 installments of INR 70546.67 (option payment_option_337). The projected balance stays above the INR 151200 minimum (lowest point INR 153531.57).
request_120,7354545.14,affordable_later,wait,2026-04-15:7714000,2026-04-15,none,"Wait until 2026-04-15, then pay IDR 7714000 in full. The projected balance stays above the IDR 20050300 minimum (lowest point IDR 27404845.14)."
request_121,633.60,affordable_now,full_payment,2024-03-03:633.60,2024-03-03,none,Pay USD 633.60 today. The projected balance stays above the USD 800 minimum (lowest point USD 962.81).
request_122,20558000,affordable_with_plan,installments,2025-08-05:7126773.33|2025-09-02:7126773.33|2025-09-30:7126773.33,2025-08-05,none,Pay in 3 installments of IDR 7126773.33 (option payment_option_347). The projected balance stays above the IDR 12588500 minimum (lowest point IDR 28643217.53).
request_123,4076000,affordable_now,full_payment,2026-01-07:4076000,2026-01-07,none,Pay IDR 4076000 today. The projected balance stays above the IDR 18091200 minimum (lowest point IDR 24544018.53).
request_124,1275.05,not_affordable,not_recommended,none,2024-08-15,none,"Do not proceed with this EUR 3104.20 request. Although EUR 1275.05 is available today, the full amount cannot be completed safely within 90 days while keeping EUR 1600."
request_125,6468,affordable_now,full_payment,2025-11-06:6468,2025-11-06,none,Pay ZAR 6468 today. The projected balance stays above the ZAR 11300 minimum (lowest point ZAR 12508.90).
request_126,159600,affordable_now,full_payment,2026-07-03:159600,2026-07-03,none,Pay INR 159600 today. The projected balance stays above the INR 129700 minimum (lowest point INR 129714.40).
request_127,15603.09,affordable_later,wait,2024-09-15:23980,2024-09-15,none,"Wait until 2024-09-15, then pay ZAR 23980 in full. The projected balance stays above the ZAR 41000 minimum (lowest point ZAR 56603.09)."
request_128,24190.75,affordable_with_plan,full_payment,2025-02-07:25168,2025-02-15,reduce_to:event_11856:1100|reduce_to:event_11812:1058.20,The projected balance stays above the ZAR 42600 minimum (lowest point ZAR 42790.43). Requires reduce event_11856 to ZAR 1100 and reduce event_11812 to ZAR 1058.20.
request_129,71.23,not_affordable,not_recommended,none,,none,"Do not proceed with this USD 2668.80 request. Although USD 71.23 is available today, the full amount cannot be completed safely within 90 days while keeping USD 800."
request_130,663.31,affordable_later,wait,2024-12-15:1978.80,2024-12-15,none,"Wait until 2024-12-15, then pay USD 1978.80 in full. The projected balance stays above the USD 1400 minimum (lowest point USD 2063.31)."
request_131,1493.67,affordable_with_plan,installments,2025-05-06:643.14|2025-06-03:643.14|2025-07-01:643.14,2025-05-15,none,Pay in 3 installments of USD 643.14 (option payment_option_372). The projected balance stays above the USD 1100 minimum (lowest point USD 1426.18).
request_132,379.86,affordable_now,full_payment,2026-01-05:379.86,2026-01-05,none,Pay USD 379.86 today. The projected balance stays above the USD 1100 minimum (lowest point USD 1136.23).
request_133,15770000,affordable_with_plan,full_payment,2024-03-07:15770000,2024-03-07,reduce_to:event_12280:265050,The projected balance stays above the IDR 9986200 minimum (lowest point IDR 18462100). Requires reduce event_12280 to IDR 265050.
request_134,7407746.83,affordable_later,wait,2025-10-15:21831000,2025-10-15,none,"Wait until 2025-10-15, then pay IDR 21831000 in full. The projected balance stays above the IDR 15902500 minimum (lowest point IDR 23310246.83)."
request_135,271.30,affordable_later,wait,2026-07-15:304.80,2026-07-15,none,"Wait until 2026-07-15, then pay USD 304.80 in full. The projected balance stays above the USD 500 minimum (lowest point USD 771.30)."
request_136,560.40,affordable_now,full_payment,2024-06-03:560.40,2024-06-03,none,Pay USD 560.40 today. The projected balance stays above the USD 1100 minimum (lowest point USD 1223.45).
request_137,37380.24,affordable_later,wait,2026-01-15:80100,2026-01-15,none,"Wait until 2026-01-15, then pay INR 80100 in full. The projected balance stays above the INR 71800 minimum (lowest point INR 109180.24)."
request_138,686.63,affordable_with_plan,partial_payment,2026-04-07:686.63|2026-04-15:570.31,2026-04-15,none,Pay EUR 686.63 today and the remaining EUR 570.31 on 2026-04-15. The projected balance stays above the EUR 2300 minimum (lowest point EUR 2300).
request_139,1558.74,affordable_with_plan,installments,2024-09-07:802.88|2024-10-08:802.88|2024-11-08:802.88,2024-10-15,none,Pay in 3 installments of USD 802.88 (option payment_option_395). The projected balance stays above the USD 1500 minimum (lowest point USD 1612.91).
request_140,4591.40,not_affordable,not_recommended,none,,none,"Do not proceed with this ZAR 62832 request. Although ZAR 4591.40 is available today, the full amount cannot be completed safely within 90 days while keeping ZAR 21600."
request_141,33517.85,not_affordable,not_recommended,none,,none,"Do not proceed with this INR 171600 request. Although INR 33517.85 is available today, the full amount cannot be completed safely within 90 days while keeping INR 67300."
request_142,1263.60,affordable_now,full_payment,2024-12-05:1263.60,2024-12-05,none,Pay USD 1263.60 today. The projected balance stays above the USD 1700 minimum (lowest point USD 3351.89).
request_143,4472.25,affordable_later,wait,2025-07-15:12584,2025-07-15,none,"Wait until 2025-07-15, then pay ZAR 12584 in full. The projected balance stays above the ZAR 11300 minimum (lowest point ZAR 15772.25)."
request_144,233.34,affordable_now,full_payment,2026-07-04:233.34,2026-07-04,none,Pay USD 233.34 today. The projected balance stays above the USD 600 minimum (lowest point USD 713.09).
request_145,50180.19,affordable_with_plan,installments,2024-03-20:75365.33|2024-04-20:75365.33|2024-05-21:75365.33,2024-05-15,none,Pay in 3 installments of INR 75365.33 (option payment_option_412). The projected balance stays above the INR 155400 minimum (lowest point INR 188417.86).
request_146,17097.86,not_affordable,not_recommended,none,,none,"Do not proceed with this INR 449400 request. Although INR 17097.86 is available today, the full amount cannot be completed safely within 90 days while keeping INR 108600."
request_147,463.62,affordable_with_plan,installments,2026-04-08:391.63|2026-05-08:391.63|2026-06-07:391.63,2026-05-15,none,Pay in 3 installments of EUR 391.63 (option payment_option_418). The projected balance stays above the EUR 900 minimum (lowest point EUR 971.99).
request_148,10456.18,affordable_with_plan,installments,2024-06-14:7710.56|2024-07-15:7710.56|2024-08-15:7710.56,2024-07-15,none,Pay in 3 installments of ZAR 7710.56 (option payment_option_421). The projected balance stays above the ZAR 20000 minimum (lowest point ZAR 22745.62).
request_149,24582.61,affordable_with_plan,installments,2025-11-18:12706.03|2025-12-16:12706.03|2026-01-13:12706.03,2025-12-15,none,Pay in 3 installments of ZAR 12706.03 (option payment_option_424). The projected balance stays above the ZAR 42100 minimum (lowest point ZAR 45708.25).
request_150,285.59,not_affordable,not_recommended,none,2026-03-15,none,"Do not proceed with this EUR 496.10 request. Although EUR 285.59 is available today, the full amount cannot be completed safely within 90 days while keeping EUR 700."
request_151,26999000,affordable_now,full_payment,2024-09-03:26999000,2024-09-03,none,Pay IDR 26999000 today. The projected balance stays above the IDR 31633600 minimum (lowest point IDR 33751579.31).
request_152,12416.74,affordable_with_plan,installments,2025-02-12:4812.43|2025-03-12:4812.43|2025-04-09:4812.43,2025-02-15,none,Pay in 3 installments of ZAR 4812.43 (option payment_option_433). The projected balance stays above the ZAR 11900 minimum (lowest point ZAR 13009.71).
request_153,272.64,not_affordable,not_recommended,none,,none,"Do not proceed with this USD 2830.80 request. Although USD 272.64 is available today, the full amount cannot be completed safely within 90 days while keeping USD 1400."
request_154,1625.80,affordable_with_plan,installments,2024-12-04:563.61|2025-01-04:563.61|2025-02-04:563.61,2024-12-04,none,Pay in 3 installments of EUR 563.61 (option payment_option_438). The projected balance stays above the EUR 1300 minimum (lowest point EUR 1474.40).
request_155,112500,affordable_now,full_payment,2025-05-06:112500,2025-05-06,none,Pay INR 112500 today. The projected balance stays above the INR 56300 minimum (lowest point INR 71890.84).
request_156,9223.44,affordable_later,wait,2026-06-15:43076,2026-06-15,none,"Wait until 2026-06-15, then pay ZAR 43076 in full. The projected balance stays above the ZAR 26900 minimum (lowest point ZAR 36123.44)."
request_157,7058932.83,affordable_later,wait,2024-04-15:23503000,2024-04-15,none,"Wait until 2024-04-15, then pay IDR 23503000 in full. The projected balance stays above the IDR 15714100 minimum (lowest point IDR 22773032.83)."
request_158,242600,affordable_with_plan,installments,2025-08-07:84101.33|2025-09-04:84101.33|2025-10-02:84101.33,2025-08-07,none,Pay in 3 installments of INR 84101.33 (option payment_option_449). The projected balance stays above the INR 131400 minimum (lowest point INR 411613.92).
request_159,5887.79,not_affordable,not_recommended,none,,none,"Do not proceed with this ZAR 13398 request. Although ZAR 5887.79 is available today, the full amount cannot be completed safely within 90 days while keeping ZAR 8700."
request_160,498.71,affordable_with_plan,installments,2024-06-13:432.05|2024-07-14:432.05|2024-08-14:432.05,2024-07-15,none,Pay in 3 installments of EUR 432.05 (option payment_option_454). The projected balance stays above the EUR 1200 minimum (lowest point EUR 1266.66).
request_161,9683474.25,affordable_later,wait,2026-01-15:21204000,2026-01-15,none,"Wait until 2026-01-15, then pay IDR 21204000 in full. The projected balance stays above the IDR 23010400 minimum (lowest point IDR 32693874.25)."
request_162,4447515.27,not_affordable,not_recommended,none,,none,"Do not proceed with this IDR 83923000 request. Although IDR 4447515.27 is available today, the full amount cannot be completed safely within 90 days while keeping IDR 24161100."
request_163,13289162,affordable_with_plan,installments,2024-09-10:6692053.33|2024-10-11:6692053.33|2024-11-11:6692053.33,2024-10-15,none,Pay in 3 installments of IDR 6692053.33 (option payment_option_462). The projected balance stays above the IDR 26728700 minimum (lowest point IDR 30151433.55).
request_164,21082806.34,not_affordable,not_recommended,none,2025-04-24,none,"Do not proceed with this IDR 27018000 request. Although IDR 21082806.34 is available today, the full amount cannot be completed safely within 90 days while keeping IDR 29550500."
request_165,80600,affordable_now,full_payment,2026-04-06:80600,2026-04-06,none,Pay INR 80600 today. The projected balance stays above the INR 95000 minimum (lowest point INR 267954.20).
request_166,2907.60,affordable_with_plan,installments,2024-12-03:1007.97|2025-01-03:1007.97|2025-02-03:1007.97,2024-12-03,none,Pay in 3 installments of USD 1007.97 (option payment_option_471). The projected balance stays above the USD 1700 minimum (lowest point USD 4065.75).
request_167,43802,affordable_now,full_payment,2025-05-05:43802,2025-05-05,none,Pay ZAR 43802 today. The projected balance stays above the ZAR 31200 minimum (lowest point ZAR 47049.22).
request_168,43454.63,affordable_with_plan,partial_payment,2026-01-07:43454.63|2026-01-15:5925.37,2026-01-15,none,Pay INR 43454.63 today and the remaining INR 5925.37 on 2026-01-15. The projected balance stays above the INR 114400 minimum (lowest point INR 114400).
request_169,41976,affordable_now,full_payment,2024-03-04:41976,2024-03-04,none,Pay ZAR 41976 today. The projected balance stays above the ZAR 18700 minimum (lowest point ZAR 28886.52).
request_170,34422077.09,affordable_with_plan,installments,2025-08-06:12804480|2025-09-03:12804480|2025-10-01:12804480,2025-08-15,none,Pay in 3 installments of IDR 12804480 (option payment_option_483). The projected balance stays above the IDR 24715800 minimum (lowest point IDR 32982905.04).
request_171,110.95,not_affordable,not_recommended,none,,none,"Do not proceed with this EUR 1878.80 request. Although EUR 110.95 is available today, the full amount cannot be completed safely within 90 days while keeping EUR 500."
request_172,10200,affordable_with_plan,installments,2024-06-05:5304|2024-07-03:5304,2024-06-05,none,Pay in 2 installments of ZAR 5304 (option payment_option_489). The projected balance stays above the ZAR 27200 minimum (lowest point ZAR 32657.68).
request_173,55681.19,affordable_with_plan,installments,2025-11-21:39173.33|2025-12-19:39173.33|2026-01-16:39173.33,2026-01-15,none,Pay in 3 installments of INR 39173.33 (option payment_option_491). The projected balance stays above the INR 79100 minimum (lowest point INR 83108.25).
request_174,1146.20,affordable_with_plan,installments,2026-04-04:397.35|2026-05-04:397.35|2026-06-03:397.35,2026-04-04,none,Pay in 3 installments of EUR 397.35 (option payment_option_494). The projected balance stays above the EUR 700 minimum (lowest point EUR 2618.86).
request_175,2346.30,affordable_now,full_payment,2024-09-06:2346.30,2024-09-06,none,Pay EUR 2346.30 today. The projected balance stays above the EUR 1700 minimum (lowest point EUR 2248.86).
request_176,0,not_affordable,not_recommended,none,,none,Do not proceed with this EUR 1239.70 request.
request_177,1017.60,affordable_now,full_payment,2026-01-05:1017.60,2026-01-05,none,Pay USD 1017.60 today. The projected balance stays above the USD 1300 minimum (lowest point USD 1661.01).
request_178,2938.10,affordable_with_plan,installments,2024-12-07:1018.54|2025-01-07:1018.54|2025-02-07:1018.54,2024-12-07,none,Pay in 3 installments of EUR 1018.54 (option payment_option_506). The projected balance stays above the EUR 1400 minimum (lowest point EUR 3843.56).
request_179,14489069.84,affordable_later,wait,2025-07-15:41648000,2025-07-15,none,"Wait until 2025-07-15, then pay IDR 41648000 in full. The projected balance stays above the IDR 41430800 minimum (lowest point IDR 55919869.84)."
request_180,66500,affordable_now,full_payment,2026-07-06:66500,2026-07-06,none,Pay INR 66500 today. The projected balance stays above the INR 37300 minimum (lowest point INR 52725).
request_181,578.25,not_affordable,not_recommended,none,,none,"Do not proceed with this USD 5059.20 request. Although USD 578.25 is available today, the full amount cannot be completed safely within 90 days while keeping USD 2000."
request_182,65714,affordable_now,full_payment,2025-08-05:65714,2025-08-05,none,Pay ZAR 65714 today. The projected balance stays above the ZAR 31100 minimum (lowest point ZAR 46111.49).
request_183,22842813.65,affordable_with_plan,installments,2026-04-10:9313546.67|2026-05-10:9313546.67|2026-06-09:9313546.67,2026-05-15,none,Pay in 3 installments of IDR 9313546.67 (option payment_option_521). The projected balance stays above the IDR 11878300 minimum (lowest point IDR 14111304.57).
request_184,22642,not_affordable,not_recommended,none,,none,"Do not proceed with this INR 251900 request. Although INR 22642 is available today, the full amount cannot be completed safely within 90 days while keeping INR 110800."
request_185,491.77,affordable_later,wait,2026-01-15:1257.30,2026-01-15,none,"Wait until 2026-01-15, then pay EUR 1257.30 in full. The projected balance stays above the EUR 1300 minimum (lowest point EUR 1791.77)."
request_186,10220.69,affordable_later,wait,2026-03-15:26554,2026-03-15,none,"Wait until 2026-03-15, then pay ZAR 26554 in full. The projected balance stays above the ZAR 22000 minimum (lowest point ZAR 32220.69)."
request_187,33648.93,affordable_later,wait,2024-11-15:187500,2024-11-15,none,"Wait until 2024-11-15, then pay INR 187500 in full. The projected balance stays above the INR 128300 minimum (lowest point INR 161948.93)."
request_188,238.30,not_affordable,not_recommended,none,,none,"Do not proceed with this EUR 2464 request. Although EUR 238.30 is available today, the full amount cannot be completed safely within 90 days while keeping EUR 900."
request_189,488.40,affordable_now,full_payment,2026-07-04:488.40,2026-07-04,none,Pay EUR 488.40 today. The projected balance stays above the EUR 400 minimum (lowest point EUR 536.20).
request_190,791.52,affordable_later,wait,2025-02-15:2557.50,2025-02-15,none,"Wait until 2025-02-15, then pay EUR 2557.50 in full. The projected balance stays above the EUR 1600 minimum (lowest point EUR 2391.52)."
request_191,664.40,affordable_now,full_payment,2025-05-03:664.40,2025-05-03,none,Pay EUR 664.40 today. The projected balance stays above the EUR 500 minimum (lowest point EUR 676.05).
request_192,29.71,not_affordable,not_recommended,none,,none,"Do not proceed with this USD 2046 request. Although USD 29.71 is available today, the full amount cannot be completed safely within 90 days while keeping USD 1000."
request_193,211.14,affordable_with_plan,installments,2024-03-21:420.23|2024-04-21:420.23|2024-05-22:420.23,2024-03-15,none,Pay in 3 installments of EUR 420.23 (option payment_option_549). The projected balance stays above the EUR 1000 minimum (lowest point EUR 1211.14).
request_194,47429.67,affordable_later,wait,2025-10-15:132800,2025-10-15,none,"Wait until 2025-10-15, then pay INR 132800 in full. The projected balance stays above the INR 113600 minimum (lowest point INR 161029.67)."
request_195,962.18,affordable_with_plan,installments,2026-01-09:405.74|2026-02-08:405.74|2026-03-10:405.74,2026-02-15,none,Pay in 3 installments of EUR 405.74 (option payment_option_555). The projected balance stays above the EUR 700 minimum (lowest point EUR 815.81).
request_196,762.30,affordable_now,full_payment,2024-06-03:762.30,2024-06-03,none,Pay EUR 762.30 today. The projected balance stays above the EUR 500 minimum (lowest point EUR 622.02).
request_197,50939000,affordable_with_plan,installments,2025-11-19:17658853.33|2025-12-17:17658853.33|2026-01-14:17658853.33,2025-11-05,none,Pay in 3 installments of IDR 17658853.33 (option payment_option_562). The projected balance stays above the IDR 26245900 minimum (lowest point IDR 35725428.86).
request_198,185800,affordable_now,full_payment,2026-07-07:185800,2026-07-07,none,Pay INR 185800 today. The projected balance stays above the INR 124300 minimum (lowest point INR 150513.04).
request_199,23674000,affordable_with_plan,installments,2024-09-07:8206986.67|2024-10-08:8206986.67|2024-11-08:8206986.67,2024-09-04,none,Pay in 3 installments of IDR 8206986.67 (option payment_option_569). The projected balance stays above the IDR 25359500 minimum (lowest point IDR 50231076.77).
request_200,21717000,affordable_now,full_payment,2025-02-06:21717000,2025-02-06,none,Pay IDR 21717000 today. The projected balance stays above the IDR 20114600 minimum (lowest point IDR 25754698.89).
request_201,23997000,affordable_now,full_payment,2026-04-03:23997000,2026-04-03,none,Pay IDR 23997000 today. The projected balance stays above the IDR 17304500 minimum (lowest point IDR 49278908.27).
request_202,123900,affordable_now,full_payment,2024-12-05:123900,2024-12-05,none,Pay INR 123900 today. The projected balance stays above the INR 147800 minimum (lowest point INR 179459.48).
request_203,1442.10,affordable_with_plan,installments,2025-05-10:499.93|2025-06-07:499.93|2025-07-05:499.93,2025-05-07,none,Pay in 3 installments of EUR 499.93 (option payment_option_583). The projected balance stays above the EUR 1400 minimum (lowest point EUR 2343.94).
request_204,588.74,affordable_now,full_payment,2026-01-04:588.74,2026-01-04,none,Pay EUR 588.74 today. The projected balance stays above the EUR 1300 minimum (lowest point EUR 1483.20).
request_205,10621000,affordable_now,full_payment,2024-03-06:10621000,2024-03-06,none,Pay IDR 10621000 today. The projected balance stays above the IDR 13994300 minimum (lowest point IDR 17426414.08).
request_206,1404.70,affordable_with_plan,installments,2025-08-03:486.96|2025-08-31:486.96|2025-09-28:486.96,2025-08-03,none,Pay in 3 installments of EUR 486.96 (option payment_option_592). The projected balance stays above the EUR 900 minimum (lowest point EUR 2458.75).
request_207,6965.65,affordable_later,wait,2026-07-15:11830,2026-07-15,none,"Wait until 2026-07-15, then pay ZAR 11830 in full. The projected balance stays above the ZAR 13600 minimum (lowest point ZAR 20565.65)."
request_208,4413000,affordable_now,full_payment,2024-06-07:4413000,2024-06-07,none,Pay IDR 4413000 today. The projected balance stays above the IDR 10470700 minimum (lowest point IDR 10562964.40).
request_209,3062.16,not_affordable,not_recommended,none,,none,"Do not proceed with this ZAR 56914 request. Although ZAR 3062.16 is available today, the full amount cannot be completed safely within 90 days while keeping ZAR 18400."
request_210,1068.63,affordable_with_plan,partial_payment,2026-04-06:1068.63|2026-04-15:291.39,2026-04-15,none,Pay USD 1068.63 today and the remaining USD 291.39 on 2026-04-15. The projected balance stays above the USD 2000 minimum (lowest point USD 2000).
request_211,583.33,affordable_later,wait,2024-11-15:1788.60,2024-11-15,none,"Wait until 2024-11-15, then pay EUR 1788.60 in full. The projected balance stays above the EUR 1500 minimum (lowest point EUR 2083.33)."
request_212,7816237.96,not_affordable,not_recommended,none,,none,"Do not proceed with this IDR 71934000 request. Although IDR 7816237.96 is available today, the full amount cannot be completed safely within 90 days while keeping IDR 29579800."
request_213,3362.40,affordable_with_plan,installments,2026-01-21:1165.63|2026-02-20:1165.63|2026-03-22:1165.63,2026-01-07,none,Pay in 3 installments of USD 1165.63 (option payment_option_610). The projected balance stays above the USD 2100 minimum (lowest point USD 8336.59).
request_214,69750,affordable_with_plan,installments,2024-12-04:36270|2025-01-01:36270,2024-12-04,none,Pay in 2 installments of INR 36270 (option payment_option_614). The projected balance stays above the INR 174900 minimum (lowest point INR 217818.42).
request_215,29986,affordable_with_plan,installments,2025-05-09:10395.15|2025-06-06:10395.15|2025-07-04:10395.15,2025-05-06,none,Pay in 3 installments of ZAR 10395.15 (option payment_option_616). The projected balance stays above the ZAR 15700 minimum (lowest point ZAR 24496.51).
request_216,721.02,affordable_later,wait,2026-09-15:3332.40,2026-09-15,none,"Wait until 2026-09-15, then pay USD 3332.40 in full. The projected balance stays above the USD 1800 minimum (lowest point USD 2521.02)."
request_217,23227.42,affordable_with_plan,installments,2024-03-19:12889.07|2024-04-19:12889.07|2024-05-20:12889.07,2024-05-15,none,Pay in 3 installments of ZAR 12889.07 (option payment_option_622). The projected balance stays above the ZAR 26800 minimum (lowest point ZAR 33891.41).
request_218,20237763.37,not_affordable,not_recommended,none,2025-09-15,none,"Do not proceed with this IDR 61142000 request. Although IDR 20237763.37 is available today, the full amount cannot be completed safely within 90 days while keeping IDR 34477200."
request_219,735.32,affordable_with_plan,installments,2026-04-07:580.01|2026-05-07:580.01|2026-06-06:580.01,2026-05-15,none,Pay in 3 installments of EUR 580.01 (option payment_option_628). The projected balance stays above the EUR 1100 minimum (lowest point EUR 1248.85).
request_220,215.79,not_affordable,not_recommended,none,2024-08-15,none,"Do not proceed with this EUR 3118.50 request. Although EUR 215.79 is available today, the full amount cannot be completed safely within 90 days while keeping EUR 1100."
request_221,109800,affordable_now,full_payment,2025-11-03:109800,2025-11-03,none,Pay INR 109800 today. The projected balance stays above the INR 81500 minimum (lowest point INR 108933.13).
request_222,34078,affordable_now,full_payment,2026-01-05:34078,2026-01-05,none,Pay ZAR 34078 today. The projected balance stays above the ZAR 27300 minimum (lowest point ZAR 64551.36).
request_223,898.70,affordable_now,full_payment,2024-09-07:898.70,2024-09-07,none,Pay EUR 898.70 today. The projected balance stays above the EUR 800 minimum (lowest point EUR 1052.82).
request_224,10327000,affordable_with_plan,installments,2025-02-04:5370040|2025-03-04:5370040,2025-02-04,none,Pay in 2 installments of IDR 5370040 (option payment_option_645). The projected balance stays above the IDR 22187600 minimum (lowest point IDR 28793553.41).
request_225,12200104.79,affordable_with_plan,installments,2026-07-20:7647120|2026-08-19:7647120|2026-09-18:7647120,2026-09-15,none,Pay in 3 installments of IDR 7647120 (option payment_option_647). The projected balance stays above the IDR 17670700 minimum (lowest point IDR 23763813.19).
request_226,157000,affordable_now,full_payment,2024-12-03:157000,2024-12-03,none,Pay INR 157000 today. The projected balance stays above the INR 209400 minimum (lowest point INR 272965.75).
request_227,12839.03,not_affordable,not_recommended,none,,none,"Do not proceed with this INR 259700 request. Although INR 12839.03 is available today, the full amount cannot be completed safely within 90 days while keeping INR 62900."
request_228,4656900,not_affordable,not_recommended,none,,none,"Do not proceed with this IDR 63327000 request. Although IDR 4656900 is available today, the full amount cannot be completed safely within 90 days while keeping IDR 26191200."
request_229,564.69,affordable_with_plan,installments,2024-03-18:529.29|2024-04-18:529.29|2024-05-19:529.29,2024-05-15,none,Pay in 3 installments of EUR 529.29 (option payment_option_659). The projected balance stays above the EUR 1000 minimum (lowest point EUR 1286.48).
request_230,3537.60,affordable_now,full_payment,2025-08-06:3537.60,2025-08-06,none,Pay EUR 3537.60 today. The projected balance stays above the EUR 2000 minimum (lowest point EUR 2799.81).
request_231,35706,affordable_with_plan,installments,2026-01-06:12378.08|2026-02-05:12378.08|2026-03-07:12378.08,2026-01-03,none,Pay in 3 installments of ZAR 12378.08 (option payment_option_666). The projected balance stays above the ZAR 24300 minimum (lowest point ZAR 30203.55).
request_232,935.57,affordable_later,wait,2024-08-15:1970.10,2024-08-15,none,"Wait until 2024-08-15, then pay EUR 1970.10 in full. The projected balance stays above the EUR 2400 minimum (lowest point EUR 3335.57)."
request_233,5468200,affordable_with_plan,partial_payment,2025-11-07:5468200|2025-11-15:772800,2025-11-15,none,Pay IDR 5468200 today and the remaining IDR 772800 on 2025-11-15. The projected balance stays above the IDR 10365700 minimum (lowest point IDR 10365700).
request_234,324.26,affordable_later,wait,2026-09-15:1213.30,2026-09-15,none,"Wait until 2026-09-15, then pay EUR 1213.30 in full. The projected balance stays above the EUR 700 minimum (lowest point EUR 1024.26)."
request_235,967.20,affordable_now,full_payment,2024-09-06:967.20,2024-09-06,none,Pay USD 967.20 today. The projected balance stays above the USD 700 minimum (lowest point USD 832.47).
request_236,6012213.87,not_affordable,not_recommended,none,,none,"Do not proceed with this IDR 52383000 request. Although IDR 6012213.87 is available today, the full amount cannot be completed safely within 90 days while keeping IDR 16768600."
request_237,23826000,affordable_now,full_payment,2026-04-05:23826000,2026-04-05,none,Pay IDR 23826000 today. The projected balance stays above the IDR 22431500 minimum (lowest point IDR 69287016.34).
request_238,663.60,affordable_with_plan,installments,2024-12-07:230.05|2025-01-07:230.05|2025-02-07:230.05,2024-12-07,none,Pay in 3 installments of USD 230.05 (option payment_option_686). The projected balance stays above the USD 700 minimum (lowest point USD 870.63).
request_239,642,affordable_now,full_payment,2025-05-04:642,2025-05-04,none,Pay USD 642 today. The projected balance stays above the USD 600 minimum (lowest point USD 772.38).
request_240,20020,not_affordable,not_recommended,none,,none,"Do not proceed with this INR 101200 request. Although INR 20020 is available today, the full amount cannot be completed safely within 90 days while keeping INR 52800."
request_241,21052000,affordable_with_plan,installments,2024-03-17:7298026.67|2024-04-17:7298026.67|2024-05-18:7298026.67,2024-03-03,none,Pay in 3 installments of IDR 7298026.67 (option payment_option_695). The projected balance stays above the IDR 19252000 minimum (lowest point IDR 76369547.83).
request_242,142.55,not_affordable,not_recommended,none,,none,"Do not proceed with this EUR 1966.80 request. Although EUR 142.55 is available today, the full amount cannot be completed safely within 90 days while keeping EUR 600."
request_243,17468,affordable_now,full_payment,2026-07-07:17468,2026-07-07,none,Pay ZAR 17468 today. The projected balance stays above the ZAR 19900 minimum (lowest point ZAR 21178.33).
request_244,49918,affordable_now,full_payment,2024-06-04:49918,2024-06-04,none,Pay ZAR 49918 today. The projected balance stays above the ZAR 45900 minimum (lowest point ZAR 62662.49).
request_245,40476.85,affordable_later,wait,2026-01-15:128500,2026-01-15,none,"Wait until 2026-01-15, then pay INR 128500 in full. The projected balance stays above the INR 94600 minimum (lowest point INR 135076.85)."
request_246,64086,affordable_with_plan,installments,2026-04-03:22216.48|2026-05-03:22216.48|2026-06-02:22216.48,2026-04-03,none,Pay in 3 installments of ZAR 22216.48 (option payment_option_710). The projected balance stays above the ZAR 39300 minimum (lowest point ZAR 147438.25).
request_247,1059.30,affordable_now,full_payment,2024-09-05:1059.30,2024-09-05,none,Pay EUR 1059.30 today. The projected balance stays above the EUR 1300 minimum (lowest point EUR 1600.61).
request_248,160.66,not_affordable,not_recommended,none,,none,"Do not proceed with this USD 1965.60 request. Although USD 160.66 is available today, the full amount cannot be completed safely within 90 days while keeping USD 1300."
request_249,214.40,affordable_later,wait,2026-03-15:643.20,2026-03-15,none,"Wait until 2026-03-15, then pay USD 643.20 in full. The projected balance stays above the USD 600 minimum (lowest point USD 814.40)."
request_250,17762.28,not_affordable,not_recommended,none,,none,"Do not proceed with this ZAR 124278 request. Although ZAR 17762.28 is available today, the full amount cannot be completed safely within 90 days while keeping ZAR 35300."
request_251,954.05,not_affordable,not_recommended,none,,none,"Do not proceed with this EUR 1513.60 request. Although EUR 954.05 is available today, the full amount cannot be completed safely within 90 days while keeping EUR 1300."
request_252,5932874.65,affordable_later,wait,2026-09-15:28082000,2026-09-15,none,"Wait until 2026-09-15, then pay IDR 28082000 in full. The projected balance stays above the IDR 15152200 minimum (lowest point IDR 21085074.65)."
request_253,1635.69,affordable_with_plan,installments,2024-03-21:984.60|2024-04-21:984.60|2024-05-22:984.60,2024-05-15,none,Pay in 3 installments of EUR 984.60 (option payment_option_729). The projected balance stays above the EUR 2300 minimum (lowest point EUR 2859.02).
request_254,824.45,affordable_later,wait,2025-10-15:3535.20,2025-10-15,none,"Wait until 2025-10-15, then pay USD 3535.20 in full. The projected balance stays above the USD 2500 minimum (lowest point USD 3324.45)."
request_255,3345000,affordable_now,full_payment,2026-04-06:3345000,2026-04-06,none,Pay IDR 3345000 today. The projected balance stays above the IDR 9813900 minimum (lowest point IDR 30412245.72).
request_256,180834.61,affordable_with_plan,installments,2024-06-10:75816|2024-07-11:75816|2024-08-11:75816,2024-06-15,none,Pay in 3 installments of INR 75816 (option payment_option_737). The projected balance stays above the INR 168600 minimum (lowest point INR 210122.08).
request_257,661.91,affordable_later,wait,2026-01-15:1352.40,2026-01-15,none,"Wait until 2026-01-15, then pay USD 1352.40 in full. The projected balance stays above the USD 1600 minimum (lowest point USD 2261.91)."
request_258,1113.60,affordable_now,full_payment,2026-01-07:1113.60,2026-01-07,none,Pay USD 1113.60 today. The projected balance stays above the USD 500 minimum (lowest point USD 799.40).
request_259,193.69,affordable_later,wait,2024-11-15:935,2024-11-15,none,"Wait until 2024-11-15, then pay EUR 935 in full. The projected balance stays above the EUR 600 minimum (lowest point EUR 793.69)."
request_260,9954891.75,not_affordable,not_recommended,none,,none,"Do not proceed with this IDR 52079000 request. Although IDR 9954891.75 is available today, the full amount cannot be completed safely within 90 days while keeping IDR 20727700."
request_261,1830.40,affordable_now,full_payment,2026-07-03:1830.40,2026-07-03,none,Pay EUR 1830.40 today. The projected balance stays above the EUR 1500 minimum (lowest point EUR 2040.08).
request_262,9236000,affordable_now,full_payment,2024-12-05:9236000,2024-12-05,none,Pay IDR 9236000 today. The projected balance stays above the IDR 31018500 minimum (lowest point IDR 40330043.25).
request_263,6076.39,not_affordable,not_recommended,none,,none,"Do not proceed with this ZAR 51546 request. Although ZAR 6076.39 is available today, the full amount cannot be completed safely within 90 days while keeping ZAR 24100."
request_264,17336.26,affordable_later,wait,2026-06-15:111300,2026-06-15,none,"Wait until 2026-06-15, then pay INR 111300 in full. The projected balance stays above the INR 59500 minimum (lowest point INR 76836.26)."
request_265,45970,affordable_now,full_payment,2024-03-06:45970,2024-03-06,none,Pay INR 45970 today. The projected balance stays above the INR 189700 minimum (lowest point INR 709887.85).
request_266,833.76,affordable_with_plan,installments,2025-08-03:324.13|2025-08-31:324.13|2025-09-28:324.13,2025-08-15,none,Pay in 3 installments of EUR 324.13 (option payment_option_764). The projected balance stays above the EUR 900 minimum (lowest point EUR 1073.01).
request_267,1634.71,affordable_with_plan,installments,2026-01-08:667.33|2026-02-07:667.33|2026-03-09:667.33,2026-02-15,none,Pay in 3 installments of EUR 667.33 (option payment_option_767). The projected balance stays above the EUR 1500 minimum (lowest point EUR 1653.27).
request_268,1059.82,affordable_with_plan,installments,2024-06-14:841.22|2024-07-15:841.22|2024-08-15:841.22,2024-07-15,none,Pay in 3 installments of EUR 841.22 (option payment_option_770). The projected balance stays above the EUR 1400 minimum (lowest point EUR 1618.60).
request_269,13397.45,affordable_later,wait,2025-11-15:15490,2025-11-15,none,"Wait until 2025-11-15, then pay ZAR 15490 in full. The projected balance stays above the ZAR 23100 minimum (lowest point ZAR 36497.45)."
request_270,242.77,not_affordable,not_recommended,none,,none,"Do not proceed with this USD 3028.80 request. Although USD 242.77 is available today, the full amount cannot be completed safely within 90 days while keeping USD 1400."
request_271,29294.34,affordable_later,wait,2024-11-15:91300,2024-11-15,none,"Wait until 2024-11-15, then pay INR 91300 in full. The projected balance stays above the INR 58200 minimum (lowest point INR 87494.34)."
request_272,6102616.21,affordable_with_plan,installments,2025-02-12:4709466.67|2025-03-12:4709466.67|2025-04-09:4709466.67,2025-03-15,none,Pay in 3 installments of IDR 4709466.67 (option payment_option_780). The projected balance stays above the IDR 7508600 minimum (lowest point IDR 8901749.54).
request_273,10764260.96,affordable_with_plan,partial_payment,2026-04-07:10764260.96|2026-04-15:5096739.04,2026-04-15,none,Pay IDR 10764260.96 today and the remaining IDR 5096739.04 on 2026-04-15. The projected balance stays above the IDR 18774600 minimum (lowest point IDR 18774600).
request_274,2581.68,affordable_with_plan,installments,2024-12-04:940.75|2025-01-04:940.75|2025-02-04:940.75,2024-12-15,none,Pay in 3 installments of EUR 940.75 (option payment_option_785). The projected balance stays above the EUR 1800 minimum (lowest point EUR 2164.04).
request_275,15884000,affordable_now,full_payment,2025-05-06:15884000,2025-05-06,none,Pay IDR 15884000 today. The projected balance stays above the IDR 12760100 minimum (lowest point IDR 16079652.81).
